<?xml version="1.0" encoding="UTF-8"?>
<EtherCATInfo>
  <Vendor>
    <Id>3499</Id>
    <Name LcId="1033">Koren Labs Foundry</Name>
  </Vendor>
  <Descriptions>
    <Groups>
      <Group>
        <Type>MachineControl</Type>
        <Name LcId="1033">Incremental encoder</Name>
      </Group>
    </Groups>
    <Devices>
      <Device Physics="YY ">
        <Type ProductCode="#xc0ffee" RevisionNo="#x3">KLIndexableEncoder</Type>
        <Name LcId="1033">Koren Labs Indexable Encoder</Name>
        <GroupType>MachineControl</GroupType>
        <Profile>
          <ProfileNo>5001</ProfileNo>
          <AddInfo>0</AddInfo>
          <Dictionary>
            <DataTypes>
              <DataType>
                <Name>DT1018</Name>
                <BitSize>144</BitSize>
                <SubItem>
                  <SubIdx>0</SubIdx>
                  <Name>Max SubIndex</Name>
                  <Type>USINT</Type>
                  <BitSize>8</BitSize>
                  <BitOffs>0</BitOffs>
                  <Flags>
                    <Access>ro</Access>
                  </Flags>
                </SubItem>
                <SubItem>
                  <SubIdx>1</SubIdx>
                  <Name>Vendor ID</Name>
                  <Type>UDINT</Type>
                  <BitSize>32</BitSize>
                  <BitOffs>16</BitOffs>
                  <Flags>
                    <Access>ro</Access>
                  </Flags>
                </SubItem>
                <SubItem>
                  <SubIdx>2</SubIdx>
                  <Name>Product Code</Name>
                  <Type>UDINT</Type>
                  <BitSize>32</BitSize>
                  <BitOffs>48</BitOffs>
                  <Flags>
                    <Access>ro</Access>
                  </Flags>
                </SubItem>
                <SubItem>
                  <SubIdx>3</SubIdx>
                  <Name>Revision Number</Name>
                  <Type>UDINT</Type>
                  <BitSize>32</BitSize>
                  <BitOffs>80</BitOffs>
                  <Flags>
                    <Access>ro</Access>
                  </Flags>
                </SubItem>
                <SubItem>
                  <SubIdx>4</SubIdx>
                  <Name>Serial Number</Name>
                  <Type>UDINT</Type>
                  <BitSize>32</BitSize>
                  <BitOffs>112</BitOffs>
                  <Flags>
                    <Access>ro</Access>
                  </Flags>
                </SubItem>
              </DataType>
              <DataType>
                <Name>DT1600</Name>
                <BitSize>48</BitSize>
                <SubItem>
                  <SubIdx>0</SubIdx>
                  <Name>Max SubIndex</Name>
                  <Type>USINT</Type>
                  <BitSize>8</BitSize>
                  <BitOffs>0</BitOffs>
                  <Flags>
                    <Access>ro</Access>
                  </Flags>
                </SubItem>
                <SubItem>
                  <SubIdx>1</SubIdx>
                  <Name>EncPosScale</Name>
                  <Type>UDINT</Type>
                  <BitSize>32</BitSize>
                  <BitOffs>16</BitOffs>
                  <Flags>
                    <Access>ro</Access>
                  </Flags>
                </SubItem>
              </DataType>
              <DataType>
                <Name>DT1601</Name>
                <BitSize>48</BitSize>
                <SubItem>
                  <SubIdx>0</SubIdx>
                  <Name>Max SubIndex</Name>
                  <Type>USINT</Type>
                  <BitSize>8</BitSize>
                  <BitOffs>0</BitOffs>
                  <Flags>
                    <Access>ro</Access>
                  </Flags>
                </SubItem>
                <SubItem>
                  <SubIdx>1</SubIdx>
                  <Name>IndexLatchEnable</Name>
                  <Type>UDINT</Type>
                  <BitSize>32</BitSize>
                  <BitOffs>16</BitOffs>
                  <Flags>
                    <Access>ro</Access>
                  </Flags>
                </SubItem>
              </DataType>
              <DataType>
                <Name>DT1A00</Name>
                <BitSize>48</BitSize>
                <SubItem>
                  <SubIdx>0</SubIdx>
                  <Name>Max SubIndex</Name>
                  <Type>USINT</Type>
                  <BitSize>8</BitSize>
                  <BitOffs>0</BitOffs>
                  <Flags>
                    <Access>ro</Access>
                  </Flags>
                </SubItem>
                <SubItem>
                  <SubIdx>1</SubIdx>
                  <Name>EncPos</Name>
                  <Type>UDINT</Type>
                  <BitSize>32</BitSize>
                  <BitOffs>16</BitOffs>
                  <Flags>
                    <Access>ro</Access>
                  </Flags>
                </SubItem>
              </DataType>
              <DataType>
                <Name>DT1A01</Name>
                <BitSize>48</BitSize>
                <SubItem>
                  <SubIdx>0</SubIdx>
                  <Name>Max SubIndex</Name>
                  <Type>USINT</Type>
                  <BitSize>8</BitSize>
                  <BitOffs>0</BitOffs>
                  <Flags>
                    <Access>ro</Access>
                  </Flags>
                </SubItem>
                <SubItem>
                  <SubIdx>1</SubIdx>
                  <Name>EncFrequency</Name>
                  <Type>UDINT</Type>
                  <BitSize>32</BitSize>
                  <BitOffs>16</BitOffs>
                  <Flags>
                    <Access>ro</Access>
                  </Flags>
                </SubItem>
              </DataType>
              <DataType>
                <Name>DT1A02</Name>
                <BitSize>48</BitSize>
                <SubItem>
                  <SubIdx>0</SubIdx>
                  <Name>Max SubIndex</Name>
                  <Type>USINT</Type>
                  <BitSize>8</BitSize>
                  <BitOffs>0</BitOffs>
                  <Flags>
                    <Access>ro</Access>
                  </Flags>
                </SubItem>
                <SubItem>
                  <SubIdx>1</SubIdx>
                  <Name>DiffT</Name>
                  <Type>UDINT</Type>
                  <BitSize>32</BitSize>
                  <BitOffs>16</BitOffs>
                  <Flags>
                    <Access>ro</Access>
                  </Flags>
                </SubItem>
              </DataType>
              <DataType>
                <Name>DT1A03</Name>
                <BitSize>48</BitSize>
                <SubItem>
                  <SubIdx>0</SubIdx>
                  <Name>Max SubIndex</Name>
                  <Type>USINT</Type>
                  <BitSize>8</BitSize>
                  <BitOffs>0</BitOffs>
                  <Flags>
                    <Access>ro</Access>
                  </Flags>
                </SubItem>
                <SubItem>
                  <SubIdx>1</SubIdx>
                  <Name>IndexByte</Name>
                  <Type>UDINT</Type>
                  <BitSize>32</BitSize>
                  <BitOffs>16</BitOffs>
                  <Flags>
                    <Access>ro</Access>
                  </Flags>
                </SubItem>
              </DataType>
              <DataType>
                <Name>DT1A04</Name>
                <BitSize>48</BitSize>
                <SubItem>
                  <SubIdx>0</SubIdx>
                  <Name>Max SubIndex</Name>
                  <Type>USINT</Type>
                  <BitSize>8</BitSize>
                  <BitOffs>0</BitOffs>
                  <Flags>
                    <Access>ro</Access>
                  </Flags>
                </SubItem>
                <SubItem>
                  <SubIdx>1</SubIdx>
                  <Name>IndexStatus</Name>
                  <Type>UDINT</Type>
                  <BitSize>32</BitSize>
                  <BitOffs>16</BitOffs>
                  <Flags>
                    <Access>ro</Access>
                  </Flags>
                </SubItem>
              </DataType>
              <DataType>
                <Name>DT1C00ARR</Name>
                <BaseType>USINT</BaseType>
                <BitSize>32</BitSize>
                <ArrayInfo>
                  <LBound>1</LBound>
                  <Elements>4</Elements>
                </ArrayInfo>
              </DataType>
              <DataType>
                <Name>DT1C00</Name>
                <BitSize>48</BitSize>
                <SubItem>
                  <SubIdx>0</SubIdx>
                  <Name>Max SubIndex</Name>
                  <Type>USINT</Type>
                  <BitSize>8</BitSize>
                  <BitOffs>0</BitOffs>
                  <Flags>
                    <Access>ro</Access>
                  </Flags>
                </SubItem>
                <SubItem>
                  <Name>Elements</Name>
                  <Type>DT1C00ARR</Type>
                  <BitSize>32</BitSize>
                  <BitOffs>16</BitOffs>
                  <Flags>
                    <Access>ro</Access>
                  </Flags>
                </SubItem>
              </DataType>
              <DataType>
                <Name>DT1C12ARR</Name>
                <BaseType>UINT</BaseType>
                <BitSize>32</BitSize>
                <ArrayInfo>
                  <LBound>1</LBound>
                  <Elements>2</Elements>
                </ArrayInfo>
              </DataType>
              <DataType>
                <Name>DT1C12</Name>
                <BitSize>48</BitSize>
                <SubItem>
                  <SubIdx>0</SubIdx>
                  <Name>Max SubIndex</Name>
                  <Type>USINT</Type>
                  <BitSize>8</BitSize>
                  <BitOffs>0</BitOffs>
                  <Flags>
                    <Access>ro</Access>
                  </Flags>
                </SubItem>
                <SubItem>
                  <Name>Elements</Name>
                  <Type>DT1C12ARR</Type>
                  <BitSize>32</BitSize>
                  <BitOffs>16</BitOffs>
                  <Flags>
                    <Access>ro</Access>
                  </Flags>
                </SubItem>
              </DataType>
              <DataType>
                <Name>DT1C13ARR</Name>
                <BaseType>UINT</BaseType>
                <BitSize>80</BitSize>
                <ArrayInfo>
                  <LBound>1</LBound>
                  <Elements>5</Elements>
                </ArrayInfo>
              </DataType>
              <DataType>
                <Name>DT1C13</Name>
                <BitSize>96</BitSize>
                <SubItem>
                  <SubIdx>0</SubIdx>
                  <Name>Max SubIndex</Name>
                  <Type>USINT</Type>
                  <BitSize>8</BitSize>
                  <BitOffs>0</BitOffs>
                  <Flags>
                    <Access>ro</Access>
                  </Flags>
                </SubItem>
                <SubItem>
                  <Name>Elements</Name>
                  <Type>DT1C13ARR</Type>
                  <BitSize>80</BitSize>
                  <BitOffs>16</BitOffs>
                  <Flags>
                    <Access>ro</Access>
                  </Flags>
                </SubItem>
              </DataType>
              <DataType>
                <Name>UDINT</Name>
                <BitSize>32</BitSize>
              </DataType>
              <DataType>
                <Name>STRING(28)</Name>
                <BitSize>224</BitSize>
              </DataType>
              <DataType>
                <Name>STRING(5)</Name>
                <BitSize>40</BitSize>
              </DataType>
              <DataType>
                <Name>USINT</Name>
                <BitSize>8</BitSize>
              </DataType>
              <DataType>
                <Name>UINT</Name>
                <BitSize>16</BitSize>
              </DataType>
              <DataType>
                <Name>REAL</Name>
                <BitSize>32</BitSize>
              </DataType>
              <DataType>
                <Name>DINT</Name>
                <BitSize>32</BitSize>
              </DataType>
            </DataTypes>
            <Objects>
              <Object>
                <Index>#x1000</Index>
                <Name>Device Type</Name>
                <Type>UDINT</Type>
                <BitSize>32</BitSize>
                <Info>
                  <DefaultValue>5001</DefaultValue>
                </Info>
                <Flags>
                  <Access>ro</Access>
                  <Category>m</Category>
                </Flags>
              </Object>
              <Object>
                <Index>#x1008</Index>
                <Name>Device Name</Name>
                <Type>STRING(28)</Type>
                <BitSize>224</BitSize>
                <Info>
                  <DefaultString>Koren Labs Indexable Encoder</DefaultString>
                </Info>
                <Flags>
                  <Access>ro</Access>
                </Flags>
              </Object>
              <Object>
                <Index>#x1009</Index>
                <Name>Hardware Version</Name>
                <Type>STRING(5)</Type>
                <BitSize>40</BitSize>
                <Info>
                  <DefaultString>0.0.1</DefaultString>
                </Info>
                <Flags>
                  <Access>ro</Access>
                  <Category>o</Category>
                </Flags>
              </Object>
              <Object>
                <Index>#x100A</Index>
                <Name>Software Version</Name>
                <Type>STRING(5)</Type>
                <BitSize>40</BitSize>
                <Info>
                  <DefaultString>0.0.2</DefaultString>
                </Info>
                <Flags>
                  <Access>ro</Access>
                </Flags>
              </Object>
              <Object>
                <Index>#x1018</Index>
                <Name>Identity Object</Name>
                <Type>DT1018</Type>
                <BitSize>144</BitSize>
                <Info>
                  <SubItem>
                    <Name>Max SubIndex</Name>
                    <Info>
                      <DefaultValue>4</DefaultValue>
                    </Info>
                  </SubItem>
                  <SubItem>
                    <Name>Vendor ID</Name>
                    <Info>
                      <DefaultValue>3499</DefaultValue>
                    </Info>
                  </SubItem>
                  <SubItem>
                    <Name>Product Code</Name>
                    <Info>
                      <DefaultValue>12648430</DefaultValue>
                    </Info>
                  </SubItem>
                  <SubItem>
                    <Name>Revision Number</Name>
                    <Info>
                      <DefaultValue>3</DefaultValue>
                    </Info>
                  </SubItem>
                  <SubItem>
                    <Name>Serial Number</Name>
                    <Info>
                      <DefaultValue>1</DefaultValue>
                    </Info>
                  </SubItem>
                </Info>
                <Flags>
                  <Access>ro</Access>
                </Flags>
              </Object>
              <Object>
                <Index>#x1600</Index>
                <Name>EncPosScale</Name>
                <Type>DT1600</Type>
                <BitSize>48</BitSize>
                <Info>
                  <SubItem>
                    <Name>Max SubIndex</Name>
                    <Info>
                      <DefaultValue>1</DefaultValue>
                    </Info>
                  </SubItem>
                  <SubItem>
                    <Name>EncPosScale</Name>
                    <Info>
                      <DefaultValue>#x70000020</DefaultValue>
                    </Info>
                  </SubItem>
                </Info>
                <Flags>
                  <Access>ro</Access>
                </Flags>
              </Object>
              <Object>
                <Index>#x1601</Index>
                <Name>IndexLatchEnable</Name>
                <Type>DT1601</Type>
                <BitSize>48</BitSize>
                <Info>
                  <SubItem>
                    <Name>Max SubIndex</Name>
                    <Info>
                      <DefaultValue>1</DefaultValue>
                    </Info>
                  </SubItem>
                  <SubItem>
                    <Name>IndexLatchEnable</Name>
                    <Info>
                      <DefaultValue>#x70010020</DefaultValue>
                    </Info>
                  </SubItem>
                </Info>
                <Flags>
                  <Access>ro</Access>
                </Flags>
              </Object>
              <Object>
                <Index>#x1A00</Index>
                <Name>EncPos</Name>
                <Type>DT1A00</Type>
                <BitSize>48</BitSize>
                <Info>
                  <SubItem>
                    <Name>Max SubIndex</Name>
                    <Info>
                      <DefaultValue>1</DefaultValue>
                    </Info>
                  </SubItem>
                  <SubItem>
                    <Name>EncPos</Name>
                    <Info>
                      <DefaultValue>#x60000020</DefaultValue>
                    </Info>
                  </SubItem>
                </Info>
                <Flags>
                  <Access>ro</Access>
                </Flags>
              </Object>
              <Object>
                <Index>#x1A01</Index>
                <Name>EncFrequency</Name>
                <Type>DT1A01</Type>
                <BitSize>48</BitSize>
                <Info>
                  <SubItem>
                    <Name>Max SubIndex</Name>
                    <Info>
                      <DefaultValue>1</DefaultValue>
                    </Info>
                  </SubItem>
                  <SubItem>
                    <Name>EncFrequency</Name>
                    <Info>
                      <DefaultValue>#x60010020</DefaultValue>
                    </Info>
                  </SubItem>
                </Info>
                <Flags>
                  <Access>ro</Access>
                </Flags>
              </Object>
              <Object>
                <Index>#x1A02</Index>
                <Name>DiffT</Name>
                <Type>DT1A02</Type>
                <BitSize>48</BitSize>
                <Info>
                  <SubItem>
                    <Name>Max SubIndex</Name>
                    <Info>
                      <DefaultValue>1</DefaultValue>
                    </Info>
                  </SubItem>
                  <SubItem>
                    <Name>DiffT</Name>
                    <Info>
                      <DefaultValue>#x60020020</DefaultValue>
                    </Info>
                  </SubItem>
                </Info>
                <Flags>
                  <Access>ro</Access>
                </Flags>
              </Object>
              <Object>
                <Index>#x1A03</Index>
                <Name>IndexByte</Name>
                <Type>DT1A03</Type>
                <BitSize>48</BitSize>
                <Info>
                  <SubItem>
                    <Name>Max SubIndex</Name>
                    <Info>
                      <DefaultValue>1</DefaultValue>
                    </Info>
                  </SubItem>
                  <SubItem>
                    <Name>IndexByte</Name>
                    <Info>
                      <DefaultValue>#x60030020</DefaultValue>
                    </Info>
                  </SubItem>
                </Info>
                <Flags>
                  <Access>ro</Access>
                </Flags>
              </Object>
              <Object>
                <Index>#x1A04</Index>
                <Name>IndexStatus</Name>
                <Type>DT1A04</Type>
                <BitSize>48</BitSize>
                <Info>
                  <SubItem>
                    <Name>Max SubIndex</Name>
                    <Info>
                      <DefaultValue>1</DefaultValue>
                    </Info>
                  </SubItem>
                  <SubItem>
                    <Name>IndexStatus</Name>
                    <Info>
                      <DefaultValue>#x60040020</DefaultValue>
                    </Info>
                  </SubItem>
                </Info>
                <Flags>
                  <Access>ro</Access>
                </Flags>
              </Object>
              <Object>
                <Index>#x1C00</Index>
                <Name>Sync Manager Communication Type</Name>
                <Type>DT1C00</Type>
                <BitSize>48</BitSize>
                <Info>
                  <SubItem>
                    <Name>Max SubIndex</Name>
                    <Info>
                      <DefaultValue>4</DefaultValue>
                    </Info>
                  </SubItem>
                  <SubItem>
                    <Name>Communications Type SM0</Name>
                    <Info>
                      <DefaultValue>1</DefaultValue>
                    </Info>
                  </SubItem>
                  <SubItem>
                    <Name>Communications Type SM1</Name>
                    <Info>
                      <DefaultValue>2</DefaultValue>
                    </Info>
                  </SubItem>
                  <SubItem>
                    <Name>Communications Type SM2</Name>
                    <Info>
                      <DefaultValue>3</DefaultValue>
                    </Info>
                  </SubItem>
                  <SubItem>
                    <Name>Communications Type SM3</Name>
                    <Info>
                      <DefaultValue>4</DefaultValue>
                    </Info>
                  </SubItem>
                </Info>
                <Flags>
                  <Access>ro</Access>
                </Flags>
              </Object>
              <Object>
                <Index>#x1C12</Index>
                <Name>Sync Manager 2 PDO Assignment</Name>
                <Type>DT1C12</Type>
                <BitSize>48</BitSize>
                <Info>
                  <SubItem>
                    <Name>Max SubIndex</Name>
                    <Info>
                      <DefaultValue>2</DefaultValue>
                    </Info>
                  </SubItem>
                  <SubItem>
                    <Name>PDO Mapping</Name>
                    <Info>
                      <DefaultValue>#x1600</DefaultValue>
                    </Info>
                  </SubItem>
                  <SubItem>
                    <Name>PDO Mapping</Name>
                    <Info>
                      <DefaultValue>#x1601</DefaultValue>
                    </Info>
                  </SubItem>
                </Info>
                <Flags>
                  <Access>ro</Access>
                </Flags>
              </Object>
              <Object>
                <Index>#x1C13</Index>
                <Name>Sync Manager 3 PDO Assignment</Name>
                <Type>DT1C13</Type>
                <BitSize>96</BitSize>
                <Info>
                  <SubItem>
                    <Name>Max SubIndex</Name>
                    <Info>
                      <DefaultValue>5</DefaultValue>
                    </Info>
                  </SubItem>
                  <SubItem>
                    <Name>PDO Mapping</Name>
                    <Info>
                      <DefaultValue>#x1A00</DefaultValue>
                    </Info>
                  </SubItem>
                  <SubItem>
                    <Name>PDO Mapping</Name>
                    <Info>
                      <DefaultValue>#x1A01</DefaultValue>
                    </Info>
                  </SubItem>
                  <SubItem>
                    <Name>PDO Mapping</Name>
                    <Info>
                      <DefaultValue>#x1A02</DefaultValue>
                    </Info>
                  </SubItem>
                  <SubItem>
                    <Name>PDO Mapping</Name>
                    <Info>
                      <DefaultValue>#x1A03</DefaultValue>
                    </Info>
                  </SubItem>
                  <SubItem>
                    <Name>PDO Mapping</Name>
                    <Info>
                      <DefaultValue>#x1A04</DefaultValue>
                    </Info>
                  </SubItem>
                </Info>
                <Flags>
                  <Access>ro</Access>
                </Flags>
              </Object>
              <Object>
                <Index>#x6000</Index>
                <Name>EncPos</Name>
                <Type>REAL</Type>
                <BitSize>32</BitSize>
                <Info>
                  <DefaultValue>0</DefaultValue>
                </Info>
                <Flags>
                  <Access>ro</Access>
                  <PdoMapping>T</PdoMapping>
                </Flags>
              </Object>
              <Object>
                <Index>#x6001</Index>
                <Name>EncFrequency</Name>
                <Type>REAL</Type>
                <BitSize>32</BitSize>
                <Info>
                  <DefaultValue>0</DefaultValue>
                </Info>
                <Flags>
                  <Access>ro</Access>
                  <PdoMapping>T</PdoMapping>
                </Flags>
              </Object>
              <Object>
                <Index>#x6002</Index>
                <Name>DiffT</Name>
                <Type>UDINT</Type>
                <BitSize>32</BitSize>
                <Info>
                  <DefaultValue>0</DefaultValue>
                </Info>
                <Flags>
                  <Access>ro</Access>
                  <PdoMapping>T</PdoMapping>
                </Flags>
              </Object>
              <Object>
                <Index>#x6003</Index>
                <Name>IndexByte</Name>
                <Type>UDINT</Type>
                <BitSize>32</BitSize>
                <Info>
                  <DefaultValue>0</DefaultValue>
                </Info>
                <Flags>
                  <Access>ro</Access>
                  <PdoMapping>T</PdoMapping>
                </Flags>
              </Object>
              <Object>
                <Index>#x6004</Index>
                <Name>IndexStatus</Name>
                <Type>UDINT</Type>
                <BitSize>32</BitSize>
                <Info>
                  <DefaultValue>0</DefaultValue>
                </Info>
                <Flags>
                  <Access>ro</Access>
                  <PdoMapping>T</PdoMapping>
                </Flags>
              </Object>
              <Object>
                <Index>#x7000</Index>
                <Name>EncPosScale</Name>
                <Type>DINT</Type>
                <BitSize>32</BitSize>
                <Info>
                  <DefaultValue>0</DefaultValue>
                </Info>
                <Flags>
                  <Access>ro</Access>
                  <PdoMapping>R</PdoMapping>
                </Flags>
              </Object>
              <Object>
                <Index>#x7001</Index>
                <Name>IndexLatchEnable</Name>
                <Type>UDINT</Type>
                <BitSize>32</BitSize>
                <Info>
                  <DefaultValue>0</DefaultValue>
                </Info>
                <Flags>
                  <Access>ro</Access>
                  <PdoMapping>R</PdoMapping>
                </Flags>
              </Object>
            </Objects>
          </Dictionary>
        </Profile>
        <Fmmu>Outputs</Fmmu>
        <Fmmu>Inputs</Fmmu>
        <Fmmu>MBoxState</Fmmu>
        <Sm DefaultSize="512" StartAddress="#x1000" ControlByte="#x26" Enable="1">MBoxOut</Sm>
        <Sm DefaultSize="512" StartAddress="#x1200" ControlByte="#x22" Enable="1">MBoxIn</Sm>
        <Sm StartAddress="#x1600" ControlByte="#x24" Enable="1">Outputs</Sm>
        <Sm StartAddress="#x1A00" ControlByte="#x20" Enable="1">Inputs</Sm>
        <RxPdo Fixed="true" Mandatory="true" Sm="2">
          <Index>#x1600</Index>
          <Name>EncPosScale</Name>
          <Entry>
            <Index>#x7000</Index>
            <SubIndex>#x0</SubIndex>
            <BitLen>32</BitLen>
            <Name>EncPosScale</Name>
            <DataType>DINT</DataType>
          </Entry>
        </RxPdo>
        <RxPdo Fixed="true" Mandatory="true" Sm="2">
          <Index>#x1601</Index>
          <Name>IndexLatchEnable</Name>
          <Entry>
            <Index>#x7001</Index>
            <SubIndex>#x0</SubIndex>
            <BitLen>32</BitLen>
            <Name>IndexLatchEnable</Name>
            <DataType>UDINT</DataType>
          </Entry>
        </RxPdo>
        <TxPdo Fixed="true" Mandatory="true" Sm="3">
          <Index>#x1A00</Index>
          <Name>EncPos</Name>
          <Entry>
            <Index>#x6000</Index>
            <SubIndex>#x0</SubIndex>
            <BitLen>32</BitLen>
            <Name>EncPos</Name>
            <DataType>REAL</DataType>
          </Entry>
        </TxPdo>
        <TxPdo Fixed="true" Mandatory="true" Sm="3">
          <Index>#x1A01</Index>
          <Name>EncFrequency</Name>
          <Entry>
            <Index>#x6001</Index>
            <SubIndex>#x0</SubIndex>
            <BitLen>32</BitLen>
            <Name>EncFrequency</Name>
            <DataType>REAL</DataType>
          </Entry>
        </TxPdo>
        <TxPdo Fixed="true" Mandatory="true" Sm="3">
          <Index>#x1A02</Index>
          <Name>DiffT</Name>
          <Entry>
            <Index>#x6002</Index>
            <SubIndex>#x0</SubIndex>
            <BitLen>32</BitLen>
            <Name>DiffT</Name>
            <DataType>UDINT</DataType>
          </Entry>
        </TxPdo>
        <TxPdo Fixed="true" Mandatory="true" Sm="3">
          <Index>#x1A03</Index>
          <Name>IndexByte</Name>
          <Entry>
            <Index>#x6003</Index>
            <SubIndex>#x0</SubIndex>
            <BitLen>32</BitLen>
            <Name>IndexByte</Name>
            <DataType>UDINT</DataType>
          </Entry>
        </TxPdo>
        <TxPdo Fixed="true" Mandatory="true" Sm="3">
          <Index>#x1A04</Index>
          <Name>IndexStatus</Name>
          <Entry>
            <Index>#x6004</Index>
            <SubIndex>#x0</SubIndex>
            <BitLen>32</BitLen>
            <Name>IndexStatus</Name>
            <DataType>UDINT</DataType>
          </Entry>
        </TxPdo>
        <Mailbox DataLinkLayer="true">
          <CoE SdoInfo="false" PdoAssign="false" PdoConfig="false" PdoUpload="false" CompleteAccess="false" />
        </Mailbox>
        <Dc>
          <OpMode>
            <Name>SM-Synchron</Name>
            <Desc>SM-Synchron</Desc>
            <AssignActivate>#x000</AssignActivate>
          </OpMode>
          <OpMode>
            <Name>DC</Name>
            <Desc>DC-Synchron</Desc>
            <AssignActivate>#x300</AssignActivate>
          </OpMode>
        </Dc>
        <Eeprom>
          <ByteSize>2048</ByteSize>
          <ConfigData>80060344640000</ConfigData>
        </Eeprom>
      </Device>
    </Devices>
  </Descriptions>
</EtherCATInfo>